Date,ET,EP,BSS,RF,WD,WD1,WS,DT1,WT1,DT2,WT2,MAXT,MINT,RH11,RH22,VP11,VP22,CLOUDM,CLOUDE,SOIL1,SOIL2,SOIL3,SOIL4,SOIL5,SOIL6,MinTtest,MaxTtest1,MaxTtest2
1/1/1989,0.3,2,10.1,0,CA,WS,2.6,10.2,9.4,29.8,18,31.3,9.8,90,26,8.4,8.3,,,15.3,19.2,22,35,27.6,24.2,0.4,,1.5
2/1/1989,0.3,2.6,10,0,CA,NW,1.4,10.2,9.5,28,16.7,30.3,9.7,91,26,8.5,7.4,,,15.3,19.1,22,34.5,27.4,24,0.5,0.5,2.3
3/1/1989,0.3,3.6,9.5,0,CA,EN,3.5,11.2,10,24.8,15,28.2,10.8,85,29,8.5,6.9,,,16,19.6,22.5,33.4,26.9,24,0.4,0.2,3.4
4/1/1989,0.2,4.2,9.4,0,CA,E,3.1,10,7.6,26.4,16,25.4,8.6,69,28,6.4,7.3,,,13.6,17.9,21.3,34.5,27.1,23.5,1.4,0.6,-1
5/1/1989,-1,3.6,9.7,0,CA,SE,1.9,9.5,8.5,28.5,18.6,27.8,9.1,87,34,7.7,10,,,14,17.9,21,35,27.1,24.5,0.4,1.4,-0.7
6/1/1989,2.2,3.8,9.7,0,CA,SW,1.3,11,10.8,26.5,17.6,29.3,10.5,97,37,9.6,9.7,,,15.4,18.9,21.5,34,27,23.8,0.5,0.8,2.8
7/1/1989,2.1,3.2,9.2,0,CA,N,1.8,14,13.5,19.4,17.3,27.7,12.8,94,80,11,14,,,17.7,20.1,22.4,26.7,25.4,24,1.2,1.2,8.3
8/1/1989,2.9,2.6,3.2,4,CA,NE,5,11.2,11,20.8,13,24.2,10.8,98,35,9.7,6.5,,,13,17.6,20.7,30,25.3,27.8,0.4,4.8,3.4
9/1/1989,1.2,4.4,10,0,CA,EN,4.6,10,8,22,12.8,21.2,8.3,74,28,6.9,5.5,,,10.4,15,18.7,29.8,24.5,21.5,1.7,0.4,-0.8
10/1/1989,2.2,3.4,10.3,0,NE,NE,6.1,9.6,7.6,23.7,13.6,22.2,9,74,25,6.6,5.6,,,11.2,15.2,18.5,31.6,25.2,21.4,0.6,0.2,-1.5
11/1/1989,2.1,4.5,10.4,0,EN,NN,4.2,9,6.7,23.7,13.4,23.8,8.3,70,24,6,5.3,,,10.7,14.7,18.4,31.2,24.9,21.2,0.7,0.1,0.1
12/1/1989,2,3.7,10.3,0,EN,NE,4.2,9.5,6.3,25.3,14.3,23.7,7.5,59,23,5.3,5.6,,,10.7,14.7,18.4,31.4,25.2,21.3,2,0,-1.6
13/01/1989,1.9,4.1,10.4,0,CA,NE,3.7,9.7,7.3,26.4,16.4,25.8,9,69,31,6.2,7.9,,,12.5,16.1,18.8,32,25.6,22,0.7,0.5,-0.6
14/01/1989,1.9,3.8,10.2,0,CA,NE,2.8,8.3,7.2,27,15.5,27,7.4,85,23,7,6.2,,,12.2,16.2,19.4,32.5,26.1,22.5,0.9,0.6,0
15/01/1989,2.1,3.5,10.2,0,CA,N,2.8,8.7,7.5,25.4,15,27.2,8,84,27,7.1,6.5,,,12.7,16.6,19.7,32.4,26.1,22.5,0.7,0.2,1.8
16/01/1989,1.9,3.7,10.2,0,NE,NN,2.6,8,7.6,26.4,16,25.5,7.8,94,28,7.6,7.3,,,13.2,16.9,19.7,32.5,25.9,22.6,0.2,0.1,-0.9
17/01/1989,1.9,3.7,10.2,0,EN,NW,3.2,10,8.4,26.5,16.4,26.6,9.3,79,30,7.3,7.9,,,13.8,17.5,20.4,34,26.5,23,0.7,0.2,0.1
18/01/1989,1.5,3.5,10.2,0,CA,W,2.5,9,8.2,25.4,14.6,26.8,8.7,89,24,7.7,5.9,,,13.8,17.5,20.6,32,25.6,22.8,0.3,0.3,1.4
19/01/1989,3.5,3.5,9.5,0,CA,N,2.5,7,6.4,25.4,14.3,25.4,6.7,91,23,6.9,5.5,,,12.5,16.6,19.6,32.4,25.5,22.4,0.3,0,0
20/01/1989,3.5,3.2,9.1,0,CA,EN,2.2,10.5,10,26.5,15.4,25.8,10.2,94,25,8.9,6.4,,,15,18.2,20.6,34,26.7,23.3,0.3,0.4,-0.7
21/01/1989,3.2,4.4,9.7,0,EN,EN,4.6,14.4,10.2,26.8,16.3,26.7,12.4,55,28,6.8,7.5,,,15.3,18.3,21,33.4,26.5,23.2,2,0.2,-0.1
22/01/1989,3.1,5,10.1,0,EN,NE,5.5,12.4,9.5,27,16.2,27.8,12,66,27,7.2,7.3,,,15.2,18.4,21.2,33.8,26.4,23.3,0.4,1,0.8
23/01/1989,3.1,4.6,10.1,0,NE,NN,4.6,10.6,8,26.7,15.2,27,9.8,68,23,6.5,6,,,13.5,17.5,20.5,34.5,26.4,23,0.8,0,0.3
24/01/1989,2.1,3.9,10.4,0,CA,ES,3,7,5.6,28.8,16,26,6.3,80,20,6,5.9,,,11.7,16.4,19.7,36,27.1,23,0.7,-0.7,-2.8
25/01/1989,2.9,3,10.6,0,CA,N,1.9,6.4,5.3,28.9,15.4,29,5.6,84,17,6,4.9,,,11.8,16.6,20.2,36,26.9,22.8,0.8,0.2,0.1
26/01/1989,2.5,4.2,10.7,0,CA,N,2.2,8,7,27.8,15.4,30,7.4,86,20,6.9,5.6,,,13,17.3,20.5,35,27.1,22.3,0.6,1.1,2.2
27/01/1989,2.4,4.5,10.7,0,CA,EN,3.3,11.2,9.5,28.8,16.7,28.3,10.7,79,23,7.9,6.9,,,14.5,18.5,21.4,36.5,27.7,23.7,0.5,0.5,-0.5
28/01/1989,2.3,4.4,10.6,0,EN,NN,3.3,12.5,8.7,29.3,17.3,29,11.4,57,25,6.2,7.5,,,14.5,18.4,21.2,35.7,27.4,23.7,1.1,0.2,-0.3
29/01/1989,2.2,4.1,10.6,0,CA,N,3.9,11.5,9,30.4,18.6,29.5,11,70,27,7.1,8.9,,,14.4,18.4,21.4,37.7,28.4,24,0.5,0.2,-0.9
30/01/1989,2.5,3.4,10.6,0,CA,N,1.7,9,8,31.2,18.8,30.4,8.6,87,26,7.5,8.7,,,14,18.4,21.7,38,28.7,24.3,0.4,0,-0.8
31/01/1989,1.9,3.9,10.6,0,CA,WN,1.9,11.5,10.6,29.8,18.5,31.6,11.6,89,29,9,9.1,,,15.7,19.4,22.4,36.7,28.6,24.7,-0.1,0.4,1.8
1/2/1989,2.3,3.3,10.4,0,CA,NE,2.4,11.8,11.2,29.4,17.8,30.4,11.5,92,27,9.6,8.2,,,16.4,19.9,22.8,38.6,29.4,25.3,0.3,0.6,1
2/2/1989,2.3,4.2,10.3,0,EN,EN,2,13,11.3,31.5,19,30.6,10.5,80,26,9,8.9,,,15.4,19.5,22.7,39.3,29.5,25.3,2.5,1.2,-0.9
3/2/1989,2.2,3.5,10.7,0,CA,NW,2.1,11.8,10.4,32.2,18.5,31.8,11.4,83,21,8.6,7.6,,,16.2,19.9,23,39.5,29.9,25.6,0.4,0.3,-0.4
4/2/1989,1.9,3.4,10.6,0,CA,W,1.8,8.5,8.2,30.6,18.7,32.4,8.4,96,27,8,8.9,,,14.6,19.2,23,37.8,29.3,25.3,0.1,0.2,1.8
5/2/1989,-1,3,10.4,0,CA,NW,2,13.5,13,29.4,20.8,31,11.5,94,43,11,13,,,17.4,20.1,23,38.7,30.2,26,2,0.4,1.6
6/2/1989,3.9,4.7,10.5,0,CA,NN,2.7,12.8,12.2,27,17.7,29.4,12.3,93,36,10,9.5,,,17.2,20.9,23.8,37,29.5,26,0.5,0,2.4
7/2/1989,3.6,3.2,10.2,0,CA,NW,3.2,10.7,9.8,27.5,16.7,27.2,10.4,89,28,8.6,7.7,,,15.8,19.9,23.4,37.3,29.3,25.6,0.3,0.2,-0.3
8/2/1989,3.7,4.1,10.4,0,CA,WN,2.3,9.8,8,26.3,16.4,27.8,9.4,77,31,7,8,,,15.6,19.6,23,36.5,28.7,25,0.4,0.3,1.5
9/2/1989,3.9,4.9,10.5,0,CA,W,2.9,8.7,8,26.5,16.5,26.8,8.4,90,31,7.6,8,,,14.6,19.1,22.5,37.3,28.7,24,0.3,0.5,0.3
10/2/1989,3.4,3.7,10.6,0,NE,N,2.5,11.4,9.2,27.5,17.5,26.8,8,73,32,7.4,8.9,,,14,18.6,22.2,37.5,28.4,24.5,3.4,0.3,-0.7
11/2/1989,3.5,4.1,10.7,0,EN,N,2.6,12,9.8,27.2,17.4,28.1,10.2,74,33,7.8,9,,,15,19.1,22.5,37,28.3,24.5,1.8,0.6,0.9
12/2/1989,2,3.7,10.5,0,EN,N,3.2,13.5,9.8,28.5,17.4,27.8,10.5,59,28,6.9,8.2,,,15,19.2,22.4,38.3,29.1,25,3,0.6,-0.7
13/02/1989,2.5,4.3,10.5,0,CA,SW,2.1,11.4,10.6,28.8,19,29,10.8,90,35,9.1,11,,,16.1,19.8,23,38,29.4,25.3,0.6,0.5,0.2
14/02/1989,3.1,3.5,10.5,0,CA,NN,2.9,14.8,14,27.7,20.7,29.3,14,91,50,12,14,,,17.8,21.1,23.7,37.7,29.9,26.2,0.8,0.5,1.6
15/02/1989,3.3,3.9,10.5,0,CA,N,3.8,13.4,12.8,28.8,20,28.4,12.8,93,41,11,12,,,17.6,21.1,24,38.7,30.4,26.4,0.6,0.7,-0.4
16/02/1989,3.3,4.3,10.2,0,CA,W,3.4,17.4,17.2,27.3,19.7,29.8,15.8,98,46,15,13,,,19.4,22.4,25,37.7,30.4,26.8,1.6,1,2.5
17/02/1989,4.3,4.1,10.4,0,CA,W,4.4,14.2,13.4,28.3,19.8,28,12.7,91,42,11,12,,,17.5,21.3,24.4,39.7,31.1,26.8,1.5,0.7,-0.3
18/02/1989,2.1,3.6,10.3,0,W,WN,3.8,14.8,11.4,27,14.7,29,14.4,64,19,8.1,5.1,,,18.3,22.2,24.8,37.7,30.2,26.6,0.4,0.7,2
19/02/1989,3.3,5.4,10.3,0,CA,EN,5,7.2,4.8,25.7,14.5,27.5,5.7,66,23,5,5.6,,,12.7,18.2,22.7,37,28.5,24.8,1.5,0.5,1.8
20/02/1989,3.1,5.7,10.8,0,CA,NW,3.4,9.2,7,29,16.6,26.8,8.3,71,22,6.2,6.6,,,14,18.4,22,39,29.4,24.8,0.9,1.1,-2.2
21/02/1989,3.1,4.1,10.2,0,CA,W,2,11,9,29.5,19.2,29.5,9.7,75,34,7.4,10,,,15.5,19.6,23,40,30.4,25.7,1.3,0.5,0
22/02/1989,3,3.8,10.5,0,CA,NE,2.3,11.5,11,31,17.5,30,11,94,20,9.5,6.8,,,16.5,20.6,23.7,41.4,31.4,26.7,0.5,0.5,-1
23/02/1989,3,4.2,10.2,0,EN,EN,1.5,15,10.5,32.8,17.7,31.5,11.5,53,16,6.8,6,,,17,20.9,24,41.8,31.4,26.8,3.5,0.5,-1.3
24/02/1989,-1,5,10.7,0,EN,NN,2.2,13.5,11,34,19,33.3,12,72,18,8.3,7.3,,,17,21.3,24.5,43,32.1,27.3,1.5,0.5,-0.7
25/02/1989,4.8,5,10.7,0,CA,NW,1.8,13.4,12,34,19,34.8,12.6,84,18,9.7,7.3,,,18,21.9,25,42.7,32.1,27.4,0.8,0.8,0.8
26/02/1989,4.8,4.1,10.7,0,CA,SE,1.8,14.8,13.8,35.4,20.8,35.6,13.5,89,22,11,9.5,,,18.7,23.5,25.7,44,33.2,28.2,1.3,1.6,0.2
27/02/1989,4.8,5,10.6,0,NW,WN,2.8,19,15,30.3,19.8,35.8,18,63,34,10,11,,,21,23.9,26.3,42.7,33.2,28.5,1,0.4,5.5
28/02/1989,5.9,4.2,10.6,0,CA,W,2.7,13.5,12.4,31,18,31.3,12.2,87,22,10,7.6,,,18.3,22.5,25.7,42,32.6,28.2,1.3,1,0.3
1/3/1989,4.8,5.4,10.4,0,CA,NN,2.9,13.5,12.4,31,18,30.8,13,87,22,10,7.6,,,17.2,21.9,25.5,41.6,32.3,27.7,0.5,-0.2,-0.2
2/3/1989,5.2,5.6,11,0,CA,NE,3.2,14.2,10.5,30.5,16.4,31.9,7.7,60,17,7.3,5.4,,,15,20.2,24.5,42.5,31.9,27.3,6.5,0.9,1.4
3/3/1989,4.7,5.7,10.7,0,CA,NN,2.9,9.5,8.5,31.7,16.5,33,10.1,87,14,7.7,4.9,,,15.6,20.6,24.5,42.2,31.7,27,-0.6,2.5,1.3
4/3/1989,5.4,5.9,10.9,0,NE,N,4.2,12.7,8,32.5,16.5,34.7,14.4,48,12,5.2,4.4,,,17.5,21.6,25,41.2,31.4,27,-1.7,3,2.2
5/3/1989,6.6,5.9,10.3,0,NE,EN,4.3,15.7,10.4,34,18.2,35.7,14.4,47,15,6.3,6.1,,,18.7,22.3,25.5,42.5,32.5,27.7,1.3,3.2,1.7
6/3/1989,6.8,5.4,10.3,0,EN,NE,4.1,17.4,11.2,34.5,18.4,36.4,17.8,42,15,6.2,6.1,,,19.9,22.9,25.9,42.5,32.1,28.1,-0.4,2.4,1.9
7/3/1989,6.4,6.1,9.9,0,CA,SS,2.6,18.8,12.5,35.4,18.9,35.6,15,43,15,7.1,6.3,,,19.8,23.4,26.4,43,33,28.5,3.8,1.1,0.2
8/3/1989,6.4,4.2,9.7,0,CA,SW,2.3,16.6,13.6,35,23.5,34.8,15.5,70,35,9.9,15,,,20.6,23.9,26.8,43.1,33.4,29,1.1,-0.6,-0.2
9/3/1989,6.4,4.4,9.7,0,WN,SW,2.5,17.6,15,33.5,19.8,35.7,14,74,23,11,9,,,19.6,23.7,27,44.8,34.4,29.3,3.6,0.7,2.2
10/3/1989,6.1,4.7,9.8,0,SW,WN,1.7,15.4,13,35,20,36.4,16.6,75,20,9.8,8.4,,,21.7,24.7,27.7,44.6,34.4,29.7,-1.2,2.9,1.4
11/3/1989,6.1,5.1,10,0,CA,NW,2.3,19.3,15.7,34.7,18.8,35.7,15.6,67,16,11,6.6,,,20.6,24.4,27.4,45.7,34.9,30,3.7,0.7,1
12/3/1989,6.3,4.6,10.2,0,ES,NE,2.6,18.8,16,35,20.5,36.6,14.6,73,22,12,9.2,,,20.6,24.7,27.5,45.7,35.1,30,4.2,1.9,1.6
13/03/1989,5.9,5.8,10.2,0,CA,W,2,17.4,15,34.8,18.5,33.8,14.6,76,14,11,6,,,20.5,24.4,27.7,44.1,34.4,29.8,2.8,-1.2,-1
14/03/1989,4.3,5.6,10.3,0,SW,NE,2.8,15.4,14.4,33.4,21.6,34.5,16.4,89,31,12,12,,,21.1,25.1,28,46.4,36.3,30.4,-1,-0.3,1.1
15/03/1989,4.7,5.5,10.4,0,EN,NE,2.8,17.8,16.5,33.4,22.8,35.4,16,87,37,13,14,,,21.6,25.3,28.7,46.5,35.7,30.6,1.8,2,2
16/03/1989,-1,6,10.2,0,EN,SE,2.6,17.7,16.4,35,25.5,36,14.4,87,44,13,19,,,21.4,24.7,28.5,45.7,35.5,30.5,3.3,2.6,1
17/03/1989,2,6.4,10,0,EN,SE,2.9,16.7,14.4,35.7,26.2,37,16.5,77,45,11,20,,,22,25.5,28.7,45.5,35.7,30.7,0.2,2,1.3
18/03/1989,1.5,6.4,10.2,0,CA,NE,3.1,18.5,15.7,36.4,27.4,37.2,17.2,73,48,12,22,,,23.3,26.2,29.2,47.7,37.1,31.6,1.3,1.5,0.8
19/03/1989,1.5,6.1,9.9,0,ES,WS,3.1,20,17.2,36.8,27.5,37.5,17.6,74,47,13,22,,,23.5,26.7,25.7,47.7,36.7,32,2.4,1.1,0.7
20/03/1989,1.7,7.1,10.2,0,NW,WN,4,20,17,37.1,25.2,36.6,22.9,72,35,13,17,,,25.3,27.9,30.4,46,37.1,32.4,-2.9,-0.2,-0.5
21/03/1989,1.5,7,10,0,W,WN,6.2,24,18,36.2,27.4,35.8,21.8,53,49,12,22,,,25.4,27.9,30.4,47,37.5,32.5,2.2,-1.3,-0.4
22/03/1989,1.9,7.4,9.7,0,NW,NN,6.2,23.2,20.8,34.8,28.4,33,22.1,79,60,17,25,,,25.7,28.4,31,45.5,37.1,32.5,1.1,-3.2,-1.8
23/03/1989,1.8,6.9,9.5,0,NW,NW,6.1,23.4,19.4,32.6,23,31.6,20,67,41,14,15,,,24,27.1,30,46.2,36.9,32,3.4,-3.2,-1
24/03/1989,1.7,6.3,10.8,0,WN,NW,4.7,20.6,16,30.8,20.6,32.5,17.6,60,36,11,12,,,23.5,26.5,29.5,44.7,36.9,32.5,3,-0.1,1.7
25/03/1989,1.4,5.5,8.8,0,WN,WN,4.6,21,17.4,32,22.6,26.7,20.2,68,42,13,15,,,25,27.4,30.2,34.4,30.7,30.2,0.8,-4.1,-5.3
26/03/1989,1.3,3.1,-1,0,WN,ES,3.8,22,17.6,25.6,19.6,27,18.6,63,55,12,13,,,23.5,25.5,28.5,30,28.6,28.5,3.4,-5,1.4
27/03/1989,1.5,2,0.4,0,ES,W,3.3,21.6,18,26,20.2,29.3,15.8,69,56,13,14,,,20,23.6,27,43,34.5,19.7,5.8,3.7,3.3
28/03/1989,2.5,4,10.7,0,CA,WN,3,17.5,16.7,28,20,32.4,15.5,92,45,14,13,,,21,24.3,27.8,46.7,36.2,30.7,2,6.4,4.4
29/03/1989,3,5.8,10.9,0,SS,WN,3,18.6,16.2,32,18.5,34.6,14,77,22,12,7.8,,,20.7,24.5,28.4,47.6,36.6,31.2,4.6,6.6,2.6
30/03/1989,3,7,11,0,EN,SE,3.2,17.2,14.2,33.4,18,37.7,17,70,16,10,6.1,,,22.3,25.6,29.2,49,37.7,31.7,0.2,5.7,4.3
31/03/1989,3.3,7.5,11,0,NE,W,3.4,21,14.5,36.7,19.2,37.2,17.2,45,13,8.4,6,,,23.7,26.7,29.8,48.5,37.9,32.2,3.8,3.8,0.5
1/4/1989,3.5,6.6,10.8,0,WN,NW,4.2,22.3,16.7,36.5,20.6,34,21.5,54,19,11,8.5,,,25.2,27.6,30.7,47.4,37.9,32.7,0.8,-2.7,-2.5
2/4/1989,3.6,8,11.1,0,CA,NN,4.6,22.7,17.5,33.2,19,34.8,16.2,57,21,12,7.8,,,22.7,26.6,30.3,48.4,38.3,31.5,6.5,-1.7,1.6
3/4/1989,3.4,8.4,10.8,0,NW,NW,4,19.2,16.3,34.4,18,34.2,15.3,73,13,12,5.5,,,22,25.7,29.5,48,37.6,32,3.9,1,-0.2
4/4/1989,2.6,6,10.5,0,EN,EN,4.6,20.4,15,33,18.1,35,14.4,53,17,9.5,6.5,,,21.7,25.7,28.3,48.5,38.1,32.3,6,0.6,2
5/4/1989,1.3,8.4,10.9,0,NE,EN,2.9,19.8,14.4,34.3,17.4,35.7,14.4,52,11,9,4.6,,,21.2,25.2,29.4,48.4,37.6,31.3,5.4,2.7,1.4
6/4/1989,1.3,8.7,11,0,CA,EN,4,19.8,11.5,34.8,16.7,38.8,15.5,30,7.9,5.2,3.3,,,21.4,25.5,29.4,50,38.5,32.4,4.3,4.5,4
7/4/1989,-1,9.4,11.4,0,CA,EN,3.6,22,12.8,38,19.7,40.6,18,28,12,5.5,6.1,,,22.4,26.6,30.2,51.5,39.5,32.7,4,5.8,2.6
8/4/1989,6.1,8.8,11.4,0,CA,WN,2.8,22.8,15,40,23,40.8,15.7,39,19,8.1,11,,,22.8,26.9,30.5,51.8,40.1,33.2,7.1,2.8,0.8
9/4/1989,6,8.4,11,0,CA,WN,3.5,20.8,15.3,39.5,25.8,38,21.2,53,31,9.7,16,,,25.6,28.6,31.7,49.7,39.9,33.7,-0.4,-2,-1.5
10/4/1989,6.9,9.2,11.2,0,WN,NN,5.2,24.7,17,36.4,23,36,22,42,28,9.9,13,,,26.8,29.3,32,49.8,40.1,34,2.7,-3.5,-0.4
11/4/1989,6.8,7.8,11.2,0,ES,W,4.3,24.2,19.4,34.9,20.8,37.2,15.3,62,23,14,9.8,,,23.5,26.9,31.7,50.7,40.4,33.8,8.9,0.8,2.3
12/4/1989,5.9,8,10.8,0,SW,NW,2.3,20.7,18.2,36.4,20.2,37.8,17,77,17,14,7.9,,,24.5,27.9,31.5,50.5,40,33,3.7,2.9,1.4
13/04/1989,5.6,6.6,11,0,SW,W,3.3,21.4,17.2,36.6,19.8,37.7,18.5,64,15,12,7.1,,,25.5,28.6,31.8,50.5,40.9,34.3,2.9,1.3,1.1
14/04/1989,5.6,7.2,11.2,0,SE,W,2.7,22,20.5,36.4,21.6,40,17.8,87,23,17,10,,,25,28.3,31.8,52.2,41.4,34.7,4.2,3.4,3.6
15/04/1989,5.9,7.2,11.6,0,NN,WN,3.2,23.1,18.5,38.6,22,38.4,23,62,19,13,9.7,,,27,29.6,32.7,51,41.3,35,0.1,2,-0.2
16/04/1989,5.7,7.8,11.8,0,ES,WN,4.5,25.4,17.6,37,21.3,38.1,18.4,43,20,10,9.4,,,25.2,28.9,32.5,50.6,41.6,35,7,-0.5,1.1
17/04/1989,5.5,8.5,11.6,0,SS,WS,4.5,22.4,17.8,37.3,22.3,38.8,19.4,61,23,12,11,,,27,29.6,32.5,51.5,41.9,35,3,1.8,1.5
18/04/1989,-1,7.9,11.8,0,CA,NE,3.1,24.2,20.8,37.5,22.2,41,19.4,72,22,16,11,,,26.8,29.7,33,53,42.9,35.5,4.8,3.7,3.5
19/04/1989,-1,7.2,11.5,0,NW,SW,2.8,25.2,21.2,40,25.4,39.8,21.6,68,28,16,15,,,27.6,30.3,33.4,51,41.4,35.6,3.6,2.3,-0.2
20/04/1989,-1,7.6,11.2,0,CA,W,3.6,25.6,20,38.8,22.9,41.6,23,57,22,14,11,,,27.6,30.4,33.7,53.7,43.1,36.2,2.6,1.6,2.8
21/04/1989,-1,8,11.5,0,SW,WS,3.5,26.5,19.2,41,23.4,41.5,22.5,47,18,12,11,,,27.8,30.9,33.8,52.8,42.6,36.4,4,2.7,0.5
22/04/1989,-1,8.3,11.6,0,N,WS,4.2,25.2,19,39.2,24,38.8,18.8,53,25,13,13,,,26.7,30.3,34,52,42.7,36.5,6.4,-2.2,-0.4
23/04/1989,-1,6.2,11.6,0,SE,SS,4,25,20,37.5,22.8,37.2,18.7,61,24,14,12,,,26,30.2,34,50.5,41.4,36,6.3,-2,-0.3
24/04/1989,-1,8.8,11.6,0,SE,SW,4.8,23,16.8,36.8,21.2,37.8,18.6,50,20,11,9.3,,,26.7,29.9,33.5,52,42.4,36,4.4,0.3,1
25/04/1989,-1,6.5,11.8,0,SS,WN,3.5,22.6,20.8,37.3,22.5,38.8,22.5,84,24,17,11,,,28.3,31.1,34,52,42.6,36.6,0.1,2,1.5
26/04/1989,-1,7.7,11.4,0,NW,W,4.3,26,20,38,22,38.2,21.2,55,20,14,10,,,28.7,31.3,34,52.5,42.7,36.7,4.8,0.9,0.2
27/04/1989,-1,7.3,11.5,0,SW,WN,3.7,24.8,19.5,37.2,24.5,39.6,23,59,32,14,15,,,29.8,32.2,34.8,51,42.4,36.8,1.8,1.6,2.4
28/04/1989,-1,8.9,11.6,0,SW,W,6.6,26.4,21.8,39,23,38.4,23.5,65,21,17,11,,,29.5,31.7,34.4,52.4,42.7,37.7,2.9,1.2,-0.6
29/04/1989,-1,9,11.6,0,SW,WS,5,25.7,22.7,37.8,24,37.8,22.2,76,28,19,14,,,29,31.7,34.5,51.8,42.6,36.8,3.5,-1.2,0
30/04/1989,-1,6.9,10.4,0,SE,SW,5.9,25.4,21.2,36,24,38.4,25,67,34,16,15,,,30.5,32.4,35,52,43.1,37.7,0.4,0.6,2.4
1/5/1989,-1,8.8,11.3,0,W,NW,6,26.8,25.2,36.5,25.4,37.5,24.5,87,38,23,17,,,30.6,32.6,35.6,50,42.7,37.7,2.3,1.5,1
2/5/1989,-1,7.7,8.7,0,NW,W,5.8,26,23.4,36.4,23.8,37.3,23.7,79,32,20,14,,,31.2,32.6,35.6,52,43.3,37.7,2.3,0.8,0.9
3/5/1989,-1,7.4,11.1,0,WN,NW,4.8,27.5,23.6,35.7,25.4,37.3,23.6,71,41,19,18,,,31,32.6,35.4,51.8,43.4,37.8,3.9,0.9,1.6
4/5/1989,-1,8.7,10.8,0,W,NN,4.2,27.4,21,35.8,22.7,37.4,24.4,54,29,15,13,,,29.5,32.1,35.3,50.6,42.2,37.2,3,1.7,1.6
5/5/1989,-1,8,9.1,0,NW,SW,4.1,25.8,18.4,35.9,20.8,38.3,23.5,46,21,11,9.2,,,29,31.7,34.8,52.7,43.2,37.4,2.3,2.5,2.4
6/5/1989,-1,8.4,11.4,0,WN,NW,3.5,25.3,18.6,37.4,21.8,40,22.2,50,21,12,10,,,28.4,31.3,34.6,53.3,43.1,37.2,3.1,4.1,2.6
7/5/1989,-1,8.2,11.4,0,CA,NE,2.8,24.5,18.7,39.4,20.8,41.4,17,55,13,13,7.1,,,26.7,30.1,35.2,53.3,43.1,37,7.5,4,2
8/5/1989,-1,10.2,11.9,0,CA,N,3.8,21.8,18,41,19.8,40.4,16.5,67,7.5,13,4.4,,,26,29.5,34,53,43.4,37,5.3,1,-0.6
9/5/1989,-1,8.3,11.8,0,N,WN,3.2,25,18.6,40.1,20,41.5,18.4,51,9.5,12,5.3,,,28.5,30.4,35.5,53.2,43.4,37,6.6,0.5,1.4
10/5/1989,-1,9.8,11.7,0,NW,W,4.3,27.4,18.5,40.8,21.7,41.7,22.6,39,13,11,7.8,,,29.2,31.6,35.2,54,43.9,37.7,4.8,1.6,0.9
11/5/1989,-1,9,11.8,0,SE,N,5,28,18,40.8,23.8,41.7,23.5,33,20,9.4,12,,,29.7,32.3,35.4,54.5,44.5,38.2,4.5,0.9,0.9
12/5/1989,-1,8.2,11.8,0,SW,WN,2.5,27.4,20.3,40,24,40,25,49,23,14,13,,,31.5,33.1,36.2,53.4,44.4,38.3,2.4,-0.8,0
13/05/1989,-1,8.2,11.4,0,SS,W,5.1,27.5,24.4,39.2,25,41.1,25.3,76,28,21,15,,,31.5,33.4,36.2,51.5,43.4,38,2.2,1.1,1.9
14/05/1989,-1,9.8,11.2,0,SS,WS,5.8,27,25.2,40.6,26,39.8,24,86,28,23,16,,,30.7,33.1,36.4,53.2,44.3,38.5,3,0.6,-0.8
15/05/1989,-1,7.7,11.1,0,SW,SW,5.6,26.6,25.6,37.8,25.8,39.8,25.4,92,36,24,18,,,31.5,33.6,36.4,53.4,44.4,38.6,1.2,-0.8,2
16/05/1989,-1,8.4,11.2,0,SW,WN,6.4,27,24,38.2,26.4,41.5,26.5,77,37,21,19,,,32.7,34.3,36.7,53.6,44.9,38.8,0.5,3.7,3.3
17/05/1989,-1,7,11.1,0,SE,NW,5.8,28,25.2,39.6,25.6,39.3,26.6,79,30,22,16,,,33,34.5,37.2,53.7,44.9,39.2,1.4,1.1,-0.3
18/05/1989,-1,8,10.8,0,SW,NW,4.5,28,25.6,38.6,26.8,41.5,23.8,82,37,23,19,,,32.5,33.9,36.5,53.8,44.9,39.2,4.2,1.9,2.9
19/05/1989,-1,7.4,11,0,SS,W,5.1,27.6,26.4,40,27.8,41.8,24.3,91,37,25,20,,,31.5,33.4,36.5,53,44.5,39,3.3,3.2,1.8
20/05/1989,-1,8.7,11.2,0,SW,WN,6.1,26.6,25.6,40,28,41.7,23.9,92,38,24,21,,,31,33.3,36.5,52.8,44.4,39,2.7,1.7,1.7
21/05/1989,-1,8.5,11.9,0,S,WN,5.6,26.4,23.4,39.7,25.3,42,24.8,76,28,20,15,,,31.8,33.4,36.5,52.7,44.8,39,1.6,2,2.3
22/05/1989,-1,9.8,11.5,0,W,W,6.3,27.6,25,41,26.4,40.6,25.4,80,29,22,17,,,32,33.9,36.6,52.5,44.2,38.8,2.2,0.9,-0.4
23/05/1989,-1,8.5,11.1,0,SW,SS,7,26.6,25,38.6,26.4,36.9,26,87,36,23,18,,,32.5,34.3,37,51,48.4,38.7,0.6,-4.1,-1.7
24/05/1989,-1,9,10.5,0,SS,W,10.1,27.6,25,35.8,26,37.5,26.3,80,43,22,19,,,32.5,34.1,36.5,51,43.3,38.7,1.3,-1.1,1.7
25/05/1989,-1,8.6,11.3,0,SW,W,9.4,28,25,36.8,23,37.7,26.2,77,27,22,13,,,32.4,34,36.5,50.5,43,38.5,1.8,1.9,0.9
26/05/1989,-1,8,11,0,SW,W,7.9,27.4,25.2,35.7,25.5,37.2,25.8,83,42,23,18,,,32.2,33.9,36.5,51.7,43.4,37,1.6,0.4,1.5
27/05/1989,-1,8.7,11,0,SW,SW,6.5,27.5,25.1,35.4,26.2,37.2,25.4,81,46,22,20,,,31.9,33.9,36.6,52.3,43.9,38.7,2.1,1.5,1.8
28/05/1989,-1,8.3,11.2,0,WS,SS,6.5,27,24.8,36,26,37.6,26,83,43,22,19,,,29,34,36.8,51.2,43.4,38.6,1,2.2,1.6
29/05/1989,-1,8.8,11.2,0,W,W,8.2,27.4,25.2,36.4,26.6,36.6,25.7,83,44,23,20,,,32.5,34.2,36.8,50.6,43.2,38.7,1.7,0.6,0.2
30/05/1989,-1,9.5,11.5,0,SW,W,8,27.6,25.2,35.4,26,36.9,26.1,81,45,23,19,,,33,34.2,36.7,56.7,43.9,39,1.5,0.5,1.5
31/05/1989,-1,8.8,11.7,0,S,W,7.2,28.5,25.8,36,25.6,37.8,26.7,80,41,23,18,,,33.7,34.5,37,54.7,44.3,39.7,1.8,2.4,1.8
1/6/1989,-1,8.3,11.5,0,SW,W,4.7,29.4,25,37.7,26.3,39.2,26.2,68,38,21,19,,,34,34.9,37.3,54.7,45.4,39.7,3.2,3.2,1.5
2/6/1989,1.2,8.6,12,0,WS,NW,5.5,29.5,24.7,38.5,26.1,39.4,26.9,66,35,20,18,,,34.5,35.5,38.6,55,45.9,40,2.6,1.7,0.9
3/6/1989,1.1,9.7,12.1,0,WS,SW,6.6,29.2,25.6,38.8,27.6,37.7,27,74,40,22,21,,,34.5,35.6,38.1,52.8,44.9,40,2.2,-0.8,-1.1
4/6/1989,1.2,8.7,12.1,0,WS,SS,7.3,29,25.6,36.7,26.4,37.7,27.3,75,42,23,19,,,34.3,35.6,38,53.2,44.9,40,1.7,-1.1,1
5/6/1989,0.9,9,11.8,0,SW,SW,7,29.3,25.8,37,26.5,38.2,27.4,74,41,23,19,,,34.7,35.6,38.4,53.3,45.1,40.3,1.9,1.5,1.2
6/6/1989,0.6,9.5,12,0,WS,W,6.6,30.4,26.4,37.6,26.5,39,28.2,72,39,23,19,,,35,35.9,38.4,54.5,45.6,40.7,2.2,2,1.4
7/6/1989,0.9,8.9,11.8,0,SW,NN,6,30,26.6,39,27.8,39.9,28.8,76,40,24,21,,,35.2,36.7,38.8,54.6,46.1,40.8,1.2,2.3,0.9
8/6/1989,-1,7.5,8.6,0,CA,SS,5.2,29.8,27,38.6,28.3,39.5,28,80,44,25,22,,,34.5,35.9,38.3,55,45.7,41,1.8,0.5,0.9
9/6/1989,1.2,6.8,7.5,3.4,EN,SE,5.7,27,25.7,34,27,34.9,25.3,90,56,24,22,,,29.4,32.6,36.2,46,41.2,38,1.7,-3.7,0.9
10/6/1989,0.7,7.9,3.3,0,SS,SE,6.7,28.5,24.5,30.4,26.6,31.6,25.4,71,73,21,24,,,31.5,32.9,36,34.2,34.1,35.7,3.1,-2.4,1.2
11/6/1989,2.1,3.5,2.7,6.1,SE,SW,10,28.2,25.2,34,27.4,35.4,26.3,77,58,22,23,,,27.4,29.3,32.7,45.7,40.2,36.2,1.9,5,1.4
12/6/1989,1,7.7,11.1,0,S,W,9.1,28,26,34,26,35,26.2,85,51,24,20,,,30,31.4,34.5,46.5,41.1,37.5,1.8,1,1
13/06/1989,0.7,6.8,11.5,0,WS,W,9,28.5,26.4,34,26.2,34.7,27.5,84,52,25,21,,,31.7,32.7,35.7,42,39.1,37.3,1,0.7,0.7
14/06/1989,0.7,6.7,0.9,0,WS,SW,7.7,28,25.7,35.2,25.8,36,26.6,82,45,23,19,,,31.2,32.1,35.2,46.5,41.4,37.7,1.4,2,0.8
15/06/1989,0.7,9,11.4,0,SE,VR,10.7,27,25.4,33.6,27,34.3,26.6,87,58,23,23,,,30.6,32.6,35.5,39.8,36.6,36,0.4,-0.9,0.7
16/06/1989,2.5,4,3.9,28.6,SW,SW,10.4,25,24.7,29.3,26.8,30,24.6,97,81,23,25,,,27.2,28.3,32.8,33.3,31.9,32.7,0.4,-3.6,0.7
17/06/1989,1.9,3.4,2.1,1.4,W,SS,6.5,27.4,26,33.3,26.6,34.6,26,89,57,24,22,,,28.4,28.7,30.7,41.4,37.1,34.5,1.4,5.3,1.3
18/06/1989,2.3,6.2,8.7,0,SW,WS,8.1,27.5,26.4,34.5,25.7,35,26.7,91,47,25,19,,,29,29.6,32,42.7,38.8,36,0.8,1.7,0.5
19/06/1989,2.9,6.7,4.3,0,SW,SW,8.1,27.6,25.8,34.5,24.5,35,26.5,86,41,24,17,,,29.5,30.2,32.6,42.7,38.7,36.2,1.1,0.5,0.5
20/06/1989,2.3,6.7,4.6,0,CA,WS,8.2,27.6,25.7,34,25,34.9,26.5,85,46,24,18,,,30,30.5,33.2,43.8,39.7,37,1.1,0.4,0.9
21/06/1989,1.9,7,5.3,0,S,WN,7.4,27.8,25.6,35.4,25,36.2,26.5,83,40,23,17,,,30.7,31.2,33.6,45,41.1,37.7,1.3,2.2,0.8
22/06/1989,2,8.2,8.6,0,SW,WS,6.7,28.4,25.3,36.2,26.3,36.6,27.2,77,43,22,20,,,31.5,31.9,34.4,44.8,41.1,38,1.2,1.2,0.4
23/06/1989,1.6,7.4,6.6,5.4,W,WS,6.7,27.4,25.2,35,26.5,36,24.5,83,49,23,21,,,28.8,30.1,33.2,43,39.6,36.7,2.9,-0.2,1
24/06/1989,0.7,8.3,9.3,0,WS,SW,9.7,28.4,25.3,35.5,26.6,36.2,26.8,77,48,22,21,,,30,30.6,33.5,44.4,40.4,37.5,1.6,1.2,0.7
25/06/1989,0.6,7.7,10.4,0,SW,WS,9.3,28,25.4,39.4,25.5,35.7,26.9,80,30,23,16,,,31.2,31.7,34.2,44.7,41.1,38,1.1,0.2,-3.7
26/06/1989,1,9.4,10.9,0,SW,S,9.6,28.4,25.6,34.7,26,36.2,26.8,79,48,23,20,,,31.8,32.4,34.6,45.3,41.1,37.9,1.6,-3.2,1.5
27/06/1989,1.1,8.3,11.5,0,WS,WS,8.1,28,25,35.1,25.7,36,27,77,45,22,19,,,31.8,32.6,35,45,40.5,37.7,1,1.3,0.9
28/06/1989,2.9,8.2,7.8,0,WS,WS,8.3,27.8,25,33.8,26,35.2,27.2,79,52,22,20,,,31.8,32.9,35.4,41.7,37.2,35.7,0.6,0.1,1.4
29/06/1989,2.9,6.8,3,0,SW,WS,7.8,28.2,25,32.5,27,34.4,27.7,76,64,22,23,,,31.4,32.3,34.5,39.4,35.9,35.7,0.5,0.6,1.9
30/06/1989,2.7,5,-1,39.6,SS,SW,7.9,24.4,24.2,27.6,26.4,29,23.6,98,91,23,25,,,26.3,27.9,30.7,31.5,31.7,32.5,0.8,-3.5,1.4
1/7/1989,0.5,1.8,1,42.4,NN,SS,4.3,24,20,26.5,25.6,28.2,22.9,67,93,15,24,,,25,26.2,29.6,29.3,28.2,29.4,1.1,0.6,1.7
2/7/1989,1.1,1.9,2.4,9.9,W,SW,6.1,25.2,24.2,30.2,26.5,30.6,25,92,74,22,24,,,26.4,27.1,29.2,31.7,30.3,30.5,0.2,4.1,0.4
3/7/1989,1.9,2.7,1,1.2,WS,SW,7,26.7,25.2,26.8,25.5,28.7,25.2,88,90,23,24,,,27,27.4,29.2,30.7,29.5,30.5,1.5,-1.5,1.9
4/7/1989,3.9,4.2,3.2,4.6,SS,S,7.4,26.4,25.2,31.3,27.1,31.7,25.1,90,71,23,24,,,26.8,26.9,28.7,34.5,32.6,31.5,1.3,4.9,0.4
5/7/1989,3.9,4.3,6.7,20.5,NW,WS,5.4,26,25.4,30.9,26.1,31.4,24.4,95,67,24,22,,,27.4,27.3,29.2,35.1,33.1,31.8,1.6,0.1,0.5
6/7/1989,3,3.7,6,0,WS,NW,5.2,27,25.4,33.2,26.5,34,25.6,87,57,23,22,,,27.8,28.1,29.7,37.2,34,32.5,1.4,3.1,0.8
7/7/1989,6,7.8,8.3,0,WS,SS,6,27,25.5,28,25.8,30.8,26.6,88,83,24,24,,,27.8,28.3,30.3,31.7,31.3,31.3,0.4,-2.4,2.8
8/7/1989,3.9,4.3,-1,30.4,EN,NN,4.1,24.1,24,31.5,26.5,32,22.8,99,66,22,23,,,26.5,26.3,28.5,37.8,34.4,32,1.3,4,0.5
9/7/1989,4.3,4.5,9.2,6,CA,NE,3.4,25.8,25.4,31.3,26.4,31.7,24.7,97,66,24,23,,,27.7,28.3,29.7,36.2,33.1,32.2,1.1,0.2,0.4
10/7/1989,3.7,4,1.5,5.8,SW,SW,3.3,26.2,26,29.5,26.4,31,24.8,98,77,25,24,,,27.8,27.9,29.5,35.7,34.1,32.3,1.4,-0.3,1.5
11/7/1989,3.6,4.8,8.1,1.8,WS,W,5,26.5,25.3,32.7,26.5,33.6,25.1,90,60,23,22,,,27.7,27.8,29.6,37.4,34.2,32.4,1.4,4.1,0.9
12/7/1989,4.6,6.7,11.1,0,SW,W,7.2,26,25,33.2,26.5,33.8,24.9,92,57,23,22,,,26.8,27.6,30.7,36.7,33.6,32.2,1.1,1.1,0.6
13/07/1989,5,5.4,8.4,0,SW,WS,7.3,26.8,25.5,31,25.4,32.7,25.5,90,62,24,21,,,27.6,27.9,29.5,35.4,33.2,32.2,1.3,-0.5,1.7
14/07/1989,-1,5,7.6,79,SS,SW,6.5,25.6,25.2,30.3,26.7,31,24.4,97,74,24,24,,,26.3,26.4,28.7,34,32.3,31,1.2,0,0.7
15/07/1989,3.3,4.2,5.8,3.6,CA,SW,4.6,26,25.4,31.5,26.8,31.9,24.8,95,68,24,24,,,27.6,27.6,29.3,36.6,33.3,30.5,1.2,1.6,0.4
16/07/1989,3.5,4,6.4,6,SS,W,4.8,26.2,25.6,32.1,27.6,33.1,25.2,95,69,24,25,,,27.8,27.9,29.5,37.4,33.6,32.2,1,1.6,1
17/07/1989,3.2,4.8,5.4,0,NW,NE,2.3,27.6,26,35,27.9,35.5,26.6,87,56,24,24,,,29,29,30.5,37.8,33.9,32,1,3.4,0.5
18/07/1989,6.2,6.6,10.6,18.2,CA,CA,3.7,25.7,25.5,31.8,28.3,33,24.4,98,76,24,27,,,28,28.6,30.7,38.3,35.2,33.2,1.3,-2,1.2
19/07/1989,2.3,3.2,5.5,6.2,SS,W,3.3,26.4,26,32.5,28,32.5,25.6,97,70,25,26,,,28.6,28.9,30.7,38.7,35.3,33,0.8,0.7,0
20/07/1989,3.1,5,7.2,0,WS,W,5.6,26.7,25.4,32.6,27.5,33,25.2,90,66,24,24,,,28.2,28.4,30.5,36.7,33.7,32.5,1.5,0.5,0.4
21/07/1989,3.7,5.4,7.6,13,WS,NE,6.6,26.4,25.4,30,26.4,30.7,25,92,74,24,24,,,27.8,27.9,29.5,34,32.9,32,1.4,-1.9,0.7
22/07/1989,3.2,3.5,4.5,21.2,CA,CA,4.8,26.5,26.1,32,27.6,33,25,97,70,25,25,,,28,27.9,29.6,36.7,33.9,32.2,1.5,3,1
23/07/1989,3.3,4.4,5.8,3.2,CA,NW,2.3,26.5,26.1,32.7,28.8,33.2,25.2,97,74,25,27,,,28.1,28.4,30,37.5,35,33,1.3,1.2,0.5
24/07/1989,3.8,4.9,4.5,17.6,NW,EN,5,27.3,26.6,33,27.7,33.6,24.3,94,65,26,25,,,28,28,29.7,36.5,34.3,32.7,3,0.9,0.6
25/07/1989,2.2,3.3,4.8,58.5,WS,S,7.9,25,25,27.3,26.8,27.4,24.6,100,96,24,26,,,25.6,26.3,28.8,29.7,29.1,29.8,0.4,-5.6,0.1
26/07/1989,0.7,2.9,-1,18.7,SS,SW,9.3,26.4,25.4,31,26.8,31,25.8,92,71,24,24,,,27,27.1,28.3,24,31.5,30.5,0.6,3.7,0
27/07/1989,1.8,2.5,0.6,12.5,CA,WS,6.8,26,25,30,26,30.8,25,92,71,23,23,,,26.6,26.9,28.6,34.8,31.9,30.6,1,-0.2,0.8
28/07/1989,3.9,4.4,4.4,0.4,WS,WS,6.7,26.5,25,30.5,26,31.2,25.8,88,69,23,22,,,27,27.5,29,33.6,31.3,30.7,0.7,1.2,0.7
29/07/1989,3.9,5,4.6,0,W,SS,9.4,26.7,24.4,29.8,25,30.2,26.2,82,66,22,21,,,26.7,27.3,29,32,30.5,30.4,0.5,-0.3,0.4
30/07/1989,3.3,4.3,0.3,0,SS,SS,10.3,26.4,24.2,29.2,25.2,30,26,82,71,21,22,,,26.3,27.1,28.5,30.5,29.5,29.8,0.4,0.2,0.8
31/07/1989,2.9,4.3,0.8,0,WS,SW,11.4,26.4,24.6,30.7,25.7,31.3,25.9,86,65,22,22,,,26.3,26.7,28.5,30.5,29.2,29.4,0.5,2.1,0.6
1/8/1989,3.2,3.5,-1,0,WS,SS,10.6,26.4,24.2,30.7,26.7,31.3,24.5,82,72,21,24,,,26.3,26.7,28.3,33,29.9,29.8,1.9,0.6,0.6
2/8/1989,3.2,4,1.4,0.5,WS,W,8.9,26.2,24.4,32.4,25.3,33,24.5,85,54,22,20,,,26.4,26.7,28.5,35.5,32.3,30.8,1.7,2.3,0.6
3/8/1989,4.4,5.6,7.9,0,SW,WN,7.2,25.7,24.3,29.7,25.6,30,24.6,89,71,22,22,,,26.5,27.2,29,34,31.6,31,1.1,-2.4,0.3
4/8/1989,2.7,3.8,2,0,W,W,5.1,25.4,24.3,31,25,31.3,24.5,91,60,22,20,,,26.6,27.3,28.8,35.7,32.6,31.5,0.9,1.6,0.3
5/8/1989,4.2,4.5,5.2,0,CA,WN,5.5,24.6,23.8,31,24.6,31.5,24.6,93,57,22,19,,,26,26.7,28.7,34.8,31.5,30.8,0,0.5,0.5
6/8/1989,3.2,3.7,3.8,0,SS,WN,4.8,25.4,24,31.5,24.8,32,24.6,88,56,22,19,,,26.6,27.3,29.2,37.8,34.3,32.8,0.8,1,0.5
7/8/1989,4,6,9.1,0,WS,NW,6.9,26.2,24.2,31.2,25.3,31.5,24.6,84,60,21,21,,,27.5,28.1,30,37,33.6,32.3,1.6,0,0.3
8/8/1989,3.6,2.7,0.8,2.7,W,W,4.4,25.3,24.6,29.1,25.5,30.4,24.5,94,74,23,22,,,27.5,28.1,30,31,30.4,30.7,0.8,-0.8,1.3
9/8/1989,1.3,1.9,0.3,3.5,WS,WS,4.2,25,24.7,25.4,24.8,26,24.5,97,95,23,23,,,26,27.5,29.4,27.4,27.9,29.3,0.5,-3.1,0.6
10/8/1989,1.6,1.5,-1,6.5,CA,WN,2.5,24.8,24.4,29,25.2,30,23.7,97,72,23,22,,,26,26.6,28.2,32.5,29.4,29.5,1.1,4.6,1
11/8/1989,3.7,3.7,0.4,3.2,CA,W,3.6,24.8,24.4,31,25,31,24.7,97,60,23,20,,,26,26.4,27.8,36.8,32.6,30.8,0.1,2,0
12/8/1989,4.9,5.6,4.7,1.4,SS,NW,5.5,25.4,23.9,32.2,25,33.6,25.6,88,54,21,19,,,26.2,26.9,28.8,37.5,33.9,31.8,-0.2,2.6,1.4
13/08/1989,5,6,7.9,0,SS,SS,5.1,26,24.5,31.6,26,31.9,25.6,88,62,22,22,,,27.2,27.9,29.8,37.6,33.3,31.7,0.4,-0.3,0.3
14/08/1989,4,5.3,2.7,0,SW,S,4.8,25.4,23.8,32,25.8,32.2,25.2,87,59,21,21,,,27.2,27.9,30,40.2,36.1,33.5,0.2,0.6,0.2
15/08/1989,5.5,5.9,6.1,0,SW,W,5.5,25.6,24.5,30.2,25,30.9,25.6,91,64,22,21,,,27.5,28.5,30.1,34.4,32,31.8,0,-1.1,0.7
16/08/1989,3.1,3.7,0.3,0,SW,SW,4.8,26,24.7,31.2,25.7,31.7,25.2,89,63,23,21,,,27.5,28,30,36.6,33.4,31.5,0.8,1.5,0.5
17/08/1989,2.2,3,1.4,1,W,W,3.8,26.2,25.6,25,25,26.5,25.2,95,100,24,24,,,27.5,28,29.7,26,27.4,30,1,-4.7,1.5
18/08/1989,1.1,1.6,-1,53.6,WS,W,2.1,26,26,31.2,27.4,32.2,24.6,100,73,25,25,,,27,26.9,28.5,36,32.9,31,1.4,7.2,1
19/08/1989,4.3,4.5,7,0,SW,W,4.6,26.2,25.6,28,26.8,28.4,26.2,95,91,24,26,,,27.1,27.9,29.6,29.5,28.9,29.4,0,-2.8,0.4
20/08/1989,1.5,1.7,-1,36.9,WS,W,5.9,25.2,24.8,29.4,27,30.1,25,97,82,23,25,,,26,26.9,28.4,32.3,30,29.3,0.2,2.1,0.7
21/08/1989,2.9,1.9,2.8,24.3,WS,SW,5.7,25.5,25.2,30,27,30.3,25.2,97,78,24,25,,,26.5,26.9,28.6,34,31.2,30.2,0.3,0.9,0.3
22/08/1989,3.5,3.7,5.9,2.6,WN,WS,7,25,24.5,29,26,30,24.5,96,78,23,23,,,26.5,27,28.7,31.8,31.3,30.8,0.5,0,1
23/08/1989,2.9,3.1,4,20.8,CA,SW,4.3,24.8,24.8,29.7,26,30.7,24.5,100,73,23,23,,,26.6,26.9,28.5,34,31.4,30,0.3,1.7,1
24/08/1989,2.9,3.8,4.8,0,SS,WN,4,25.8,25,28.5,26,29.4,24.5,93,81,23,24,,,26.6,27.3,27.8,30.2,29.4,29.4,1.3,-0.3,0.9
25/08/1989,1,1.2,0.1,12.2,NW,NN,3.2,24.6,24.2,25.5,25.3,26,23.4,97,98,22,24,,,26,26.7,28.2,27.5,27.1,28,1.2,-2.5,0.5
26/08/1989,2.7,1.9,0.4,34.2,WS,WS,3.2,25.6,25.2,25.7,25,26.9,23.3,97,94,24,23,,,26.2,26.5,27.8,28.2,28,28.6,2.3,1.4,1.2
27/08/1989,1.8,1.5,-1,12,SW,SS,4.3,24.8,24.5,29.9,26,30.3,24.2,97,72,23,23,,,25.8,26.1,27.6,33.5,31.3,29.5,0.6,4.6,0.4
28/08/1989,6.9,4.5,5.8,0,S,WS,6.7,25.6,24.8,31.1,27,31.4,25.1,93,71,23,24,,,26,26.4,27.9,34.8,31.3,30,0.5,1.5,0.3
29/08/1989,9.5,4.5,5.1,0,W,WN,3.6,26,25.4,29.5,26.2,31.3,25.2,95,76,24,23,,,26.6,26.9,28.6,32,30.4,30,0.8,0.2,1.8
30/08/1989,8,3.5,1.4,0,WN,W,3.3,26.2,25,31,26.1,31.9,25.5,90,66,23,22,,,26.7,27.1,28.6,33.6,31.6,30.7,0.7,2.4,0.9
31/08/1989,9.8,4.6,7.8,0,WN,W,3.8,25.6,24.4,31.6,26.2,32.2,24.8,90,64,22,22,,,26,26.7,28.7,38.3,34.9,31.4,0.8,1.2,0.6
1/9/1989,11.3,5.3,6.6,0,WS,NW,5.5,25.7,24.4,29.6,25,30.8,25.2,89,67,22,21,,,26.3,27.3,29,33.3,32.6,31.4,0.5,-0.8,1.2
2/9/1989,6.8,3.2,3,0,W,WS,4.3,25.7,24,31,24.4,32.2,25,86,56,21,19,,,26,26.7,28.6,39,34.9,31.2,0.7,2.6,1.2
3/9/1989,10.6,4.3,5.3,0,CA,NW,3.5,24.8,23.7,31.8,24.5,32.3,23.8,91,53,21,19,,,25.5,26.7,28.7,41,35.7,32.2,1,1.3,0.5
4/9/1989,10.2,4.5,6,0,SW,SW,3.3,24.8,23.5,32.2,24.4,32.8,24.2,89,50,21,18,,,26,27.2,29,42.8,37.1,32.7,0.6,1,0.6
5/9/1989,10.3,5,6.4,0,WS,W,5,25.5,24,32.2,25.2,33.4,24.4,88,55,21,20,,,26.6,27.5,29.6,41.5,36.7,34,1.1,1.2,1.2
6/9/1989,11,4.2,9.8,0,W,NW,6.3,25.2,24,32,24.8,33.4,23.7,90,53,22,19,,,26.8,28.1,30.2,43.2,37.7,34,1.5,1.2,1.4
7/9/1989,10,5.8,9.2,0,SW,NW,5.3,25.7,24.3,32.2,25,33.4,25,89,54,22,19,,,28,28.9,30.7,43.3,37.6,34.2,0.7,1.4,1.2
8/9/1989,9.2,5.2,8.8,0,W,SW,3.3,25.8,24.6,32.8,25.7,33.8,25,90,55,22,20,,,28.4,28.9,31,43,38.2,34.8,0.8,1.6,1
9/9/1989,9.1,5.4,8.8,0,SS,SW,3.1,25.5,24.4,32.9,25.7,33.8,24,91,54,22,20,,,28,28.9,30.8,42.3,38.6,35,1.5,1,0.9
10/9/1989,6,5.3,8.6,0,CA,W,3.3,26.1,24.8,33.5,26.6,34,25.4,89,56,23,22,,,28.8,29.6,31.4,44,39.7,35.7,0.7,1.1,0.5
11/9/1989,9,4.2,5.2,0,CA,W,3.7,25.9,24.2,30,25,33.6,24.6,86,65,22,21,,,29,29.9,32,44,39.9,36.2,1.3,0.1,3.6
12/9/1989,8.1,5.2,9.2,0,NW,W,4.6,26.4,24,32.3,25,33.1,24.8,81,53,21,19,,,29.5,30.6,32.7,43.5,39.7,36.4,1.6,3.1,0.8
13/09/1989,9.5,6.2,8.4,0,W,WN,4.4,25.6,23.7,32.7,25.5,33.6,24,85,54,21,20,,,29.2,30.3,32.7,44,40.4,36.8,1.6,1.3,0.9
14/09/1989,8.3,5.4,9.7,0,W,NW,3.6,25.5,24,32.7,25.4,34.2,24.5,88,53,21,20,,,29.6,30.6,33,44.2,40.9,37.2,1,1.5,1.5
15/09/1989,9,5.6,8.8,0,SW,EN,3.4,25.3,23.4,33.5,26.2,34.5,24,84,54,20,21,,,29.4,30.9,33,45.5,41.4,37.5,1.3,1.8,1
16/09/1989,8.3,5.8,9.3,0,CA,NN,2.3,24.4,24.4,35.4,26.5,35.7,24.4,100,47,23,20,,,29.8,31.1,33.6,46.3,41.7,37.8,0,2.2,0.3
17/09/1989,8.2,6.1,9.8,0,S,WN,2.2,26.3,25.7,34.5,26.8,35.8,25,95,53,24,22,,,30.4,31.6,33.8,45.2,41.5,38.2,1.3,0.4,1.3
18/09/1989,8.5,5.4,9.3,0,W,WS,2.6,26.8,25.2,33.4,27,34.4,25.8,87,59,23,23,,,31,31.9,34,43.8,39.6,36.6,1,-0.1,1
19/09/1989,7,4.3,4.6,0,SW,SS,2.7,26.8,25.7,34.5,27,34.8,25,91,54,24,22,,,30.6,31.6,33.8,45.4,40.7,37.7,1.8,1.4,0.3
20/09/1989,8.5,6,9.2,0,CA,NW,3.6,26.4,25,32,26.6,32.9,25.5,89,64,23,23,,,31.3,32.2,34.2,40.3,37.2,36.2,0.9,-1.6,0.9
21/09/1989,5.5,3.6,1.6,0,N,NE,2.9,26.6,24,36,26.3,36.4,25.2,80,44,21,20,,,30,31.4,33.4,46,41.1,37.5,1.4,4.4,0.4
22/09/1989,7.9,4.6,7.7,21.4,EN,N,4,24.5,24.4,32.8,27.4,34,23.6,99,64,23,24,,,27.7,29.2,32.3,39.7,37.1,35.4,0.9,-2,1.2
23/09/1989,5,5.1,9.2,0,E,N,2.3,26.2,25.1,32.6,28.2,33.5,25.1,91,70,23,26,,,28,29,31.2,40.5,36.9,34.6,1.1,0.7,0.9
24/09/1989,5.8,4.6,6.6,0,CA,NE,2.4,26,25.4,31.9,27,32.7,25,95,67,24,24,,,27.6,28.6,30.7,41.5,36.7,33.2,1,0.1,0.8
25/09/1989,4.1,3.3,5.3,0,NW,N,1.6,26.7,25.2,33,27.4,34.2,26,88,63,23,24,,,28,29.3,31.5,42.2,37.6,34.8,0.7,2.3,1.2
26/09/1989,5.8,4,7.7,0,CA,W,1.8,27.4,27,34,27.6,34.6,27.2,97,59,27,24,,,29.6,30.3,32.4,44.4,39.9,36.2,0.2,1.6,0.6
27/09/1989,5.3,5.3,6,0,SE,NE,3.4,26,24.4,33.2,26.5,34.1,25,87,57,22,22,,,29,29.9,32.2,44,39.1,35.6,1,0.1,0.9
28/09/1989,3.9,3.9,4.1,0,SE,SW,2.3,26,24.5,34,25.6,34.8,26,88,49,22,19,,,28.5,29.5,32,44.2,39.6,36.4,0,1.6,0.8
29/09/1989,5.1,4.3,8.4,0,CA,N,2.2,25,24,33.4,26,34.3,23.3,92,54,22,21,,,28.5,29.5,31.9,50.3,40.4,37.2,1.7,0.3,0.9
30/09/1989,4.1,4.6,9.4,0,W,N,3,25.4,24.2,34,26,35,24.2,90,51,22,20,,,28,29.6,31.6,44.8,40.1,36.8,1.2,1.6,1
1/10/1989,-1,5.2,9.2,0,W,NE,2.3,26,24.3,34.4,25.8,35.2,24,86,48,22,20,,,29.5,30.7,33,45.6,40.3,37,2,1.2,0.8
2/10/1989,-1,5.3,9.2,0,SE,N,2.7,25,24.3,34.8,23.6,35.5,24.2,94,36,22,15,,,29.4,30.6,33.2,46,40.4,37.3,0.8,1.1,0.7
3/10/1989,-1,5.2,8.9,0,CA,N,2.4,25,24,34.5,25.8,34.9,23.6,92,48,22,20,,,29,31.2,33.4,45.5,39.9,37.3,1.4,0.1,0.4
4/10/1989,-1,5.8,9.4,0,NW,NW,3.3,25.8,23.2,34.8,24.8,35.3,24,79,42,20,17,,,28.6,30.6,33,45,39.9,37,1.8,0.8,0.5
5/10/1989,-1,4.9,9.5,0,CA,CA,3.8,25.5,23.3,34.6,25.8,35.8,23.4,82,47,20,19,,,29.5,30.7,32.8,46.6,39.7,37,2.1,1,1.2
6/10/1989,-1,6,9.5,0,CA,NE,3,25.2,22.2,35.8,24,35.9,23.4,76,34,18,15,,,28.3,30.4,33,47,39.7,37,1.8,1.3,0.1
7/10/1989,-1,6.1,9.7,0,NN,N,2.6,25.4,20.8,37.4,22.7,37.6,23.2,64,24,16,12,,,28,30.1,32.7,46.8,39.4,36.6,2.2,1.8,0.2
8/10/1989,-1,5.9,8,0,NW,NW,2.7,25.5,19.1,36.2,23.8,36.9,21.8,52,32,13,15,,,26.8,29.4,32.2,46.4,38.9,36.3,3.7,-0.5,0.7
9/10/1989,-1,6,9.9,0,CA,WN,3.3,24,19.8,37,22.2,37.6,19.8,66,23,15,11,,,25.8,28.9,31.8,47,38.6,36,4.2,1.4,0.6
10/10/1989,-1,5.5,10,0,SW,SW,2.5,24.3,21.8,35.4,23.8,36.1,20.3,79,35,18,15,,,26.2,29.1,31.5,47.2,38.4,35.4,4,-0.9,0.7
11/10/1989,-1,6,10,0,CA,SS,2.5,25.3,22.8,34.3,25.2,35.1,21.4,80,45,19,18,,,27,29.4,32.2,46,39.1,36,3.9,-0.3,0.8
12/10/1989,-1,5.1,9.5,0,CA,W,2.3,23.8,22.8,34.5,23.4,34.8,21.5,91,36,20,15,,,26.6,29.3,32.5,46.2,38.9,35,2.3,0.5,0.3
13/10/1989,-1,5.2,9.5,0,NW,NW,2.5,24,22.4,35.1,24,35.6,20.4,86,37,19,16,,,26.4,29.1,32,46.6,38.9,35.6,3.6,1.1,0.5
14/10/1989,-1,5.9,9.6,0,CA,N,2.8,24,22.3,35.2,24.5,35.7,21.7,86,39,19,16,,,27,29.5,32.4,46.4,39.1,35.9,2.3,0.6,0.5
15/10/1989,-1,6.2,9.4,0,E,E,2.5,23.2,21.5,36.8,21.8,37.3,21.1,85,22,18,10,,,26.5,29.5,32.2,47.4,39.6,36,2.1,2.1,0.5
16/10/1989,-1,5.8,10.4,0,CA,NW,1.6,20,18.6,36,20.2,36.4,18.5,87,18,15,8.1,,,25.3,28.9,32.2,46.2,38.6,35.6,1.5,-0.4,0.4
17/10/1989,-1,5.7,10.7,0,CA,NN,2.1,22,18.3,35.6,20.3,35.8,17.7,68,20,14,8.5,,,24.7,28.4,31.7,45.6,38.1,34.9,4.3,-0.2,0.2
18/10/1989,-1,6.1,10.7,0,CA,SS,2.1,19.5,16.3,35.3,19,37,15.6,70,15,12,6.5,,,23,27.2,30.7,45,37.2,33.8,3.9,1.4,1.7
19/10/1989,-1,6,10.6,0,EN,N,1.6,19.6,17.8,35,19.8,36,16.5,83,19,14,8,,,23.6,27.2,30.6,45,36.9,33.7,3.1,0.7,1
20/10/1989,-1,5.7,10.2,0,NW,SE,2.3,21.4,17.8,33.5,20.5,35,19.3,69,26,13,10,,,24.4,27.4,30.7,45,36.9,33.7,2.1,0,1.5
21/10/1989,-1,5.4,10.6,0,ES,W,2.3,20.3,17.8,34.5,21.3,35.9,16.7,77,27,14,11,,,23.6,27.2,30.5,44.8,36.9,33.5,3.6,2.4,1.4
22/10/1989,-1,5.6,10.6,0,CA,NE,2,19.2,17.2,35.3,25.3,35.7,16.6,81,42,14,18,,,23.3,27.1,30.5,45,36.7,33.3,2.6,1.2,0.4
23/10/1989,-1,6.1,10.6,0,NN,EN,1.9,19.2,16,35.1,28.8,35.7,17.5,70,61,12,26,,,22.7,26.5,30,44,36,32.8,1.7,0.4,0.6
24/10/1989,-1,6.5,10.4,0,NE,EN,2.5,20,16.8,34.8,22.2,35.6,16.8,71,30,12,12,,,22.7,26.7,30,44.5,36.4,33,3.2,0.5,0.8
25/10/1989,-1,5.9,10.4,0,CA,N,2,20.8,17.6,34.6,21.7,35,17.6,71,28,13,12,,,23,26.6,30,44,35.9,32.5,3.2,0.2,0.4
26/10/1989,-1,6.7,10.5,0,CA,NE,2.7,22.5,17.5,35.5,20.8,35.9,17.2,59,22,12,9.4,,,23,26.6,30,44.8,36.7,33,5.3,1.3,0.4
27/10/1989,-1,6.9,10.7,0,CA,EN,2,20.8,17.5,35.2,20.2,35.8,16.7,71,20,13,8.6,,,23.1,26.2,29.6,49.2,36.6,33.2,4.1,0.3,0.6
28/10/1989,-1,6.7,10.4,0,CA,EN,1.7,20.4,16.5,34.9,21.2,36.4,17.2,65,25,12,11,,,22.9,26.3,29.7,44.6,36.6,33,3.2,1.2,1.5
29/10/1989,-1,5.4,10.2,0,NE,VR,1.6,21.4,19.2,33.6,22.8,34.9,17.7,80,36,15,14,,,23.8,26.9,30,43.8,35,32.6,3.7,0,1.3
30/10/1989,-1,5.8,10.3,0,EN,NN,2,20.3,16.4,34,21.8,35,16.3,65,30,12,12,,,22.8,26.3,29.8,44,36.5,32.8,4,1.4,1
31/10/1989,-1,4.8,10.2,0,NE,NE,2.3,21,15.8,34.2,22,35.4,18.2,55,31,10,12,,,22.6,26.1,29.4,43.5,35.5,32,2.8,1.4,1.2
1/11/1989,-1,5.7,10.1,0,CA,NE,2.4,17,15.4,35.4,20.4,36.8,16.2,84,20,12,8.8,,,22,25.9,29.4,43.6,35.6,32,0.8,2.6,1.4
2/11/1989,-1,6.3,10,0,CA,ES,2.1,19.6,16.6,35.3,20.4,36.4,17.8,72,21,12,8.9,,,23,26.3,29.6,44,36,32.4,1.8,1,1.1
3/11/1989,-1,5.3,10.2,0,CA,NN,1.7,18.8,17.1,34.8,21.8,36,17.2,83,28,14,12,,,22,26.2,29.4,43.2,35.7,32.2,1.6,0.7,1.2
4/11/1989,-1,5.3,9.9,0,CA,NN,1.9,18.5,16.8,33,20.8,34.6,16.3,83,29,13,11,,,22.5,25.8,29.2,41.5,34.9,31.8,2.2,-0.2,1.6
5/11/1989,-1,4.9,10.2,0,SE,NE,1.9,19.5,17.3,32.5,22.8,34,16.5,79,41,13,15,,,22.6,25.9,29.2,42,34.4,31.8,3,1,1.5
6/11/1989,-1,4.4,9.7,0,CA,EN,1.5,19,17.8,33,21.3,33.6,17,88,31,15,12,,,22.5,25.9,29.2,42.7,35.5,32.2,2,1.1,0.6
7/11/1989,-1,5.3,9.9,0,NE,EN,2.6,20.2,15.4,33,20.1,33.7,17.4,58,26,10,9.8,,,22.7,26.2,29,41.4,34.5,31.5,2.8,0.7,0.7
8/11/1989,-1,5.8,10,0,NE,EN,4.7,19.5,14.6,33.7,19.6,34.3,17.5,56,22,9.5,8.5,,,22,25.5,29,40.6,33.9,31,2,1.3,0.6
9/11/1989,-1,6.1,10,0,NE,E,4.4,19.7,13.8,32.1,18.2,33,18,48,20,8.3,7.2,,,21.8,25.2,28.6,40.5,33.4,30.6,1.7,-0.7,0.9
10/11/1989,-1,6,9.3,0,EN,NE,3.4,18.5,12.8,33,18.8,33.8,15,48,20,7.7,7.6,,,20,23.9,28,41.2,33.3,30.2,3.5,1.7,0.8
11/11/1989,-1,4.8,9.3,0,NE,NN,3.1,20.8,14.4,32.8,19.8,33.8,17.8,46,25,8.4,9.4,,,22,24.9,28,41.5,34.1,30.6,3,0.8,1
12/11/1989,-1,5.2,8.3,0,NE,EN,2.6,21,16,34.4,21.3,35.6,19.5,57,27,11,11,,,23.7,26.4,28.7,43.4,35.6,31.6,1.5,2.8,1.2
13/11/1989,-1,4.9,10,0,CA,NE,1.6,19,16.4,34.6,21.2,35.6,16.8,75,26,12,11,,,22.5,25.3,29,43.3,35.1,31.5,2.2,1.2,1
14/11/1989,-1,4.8,10.2,0,CA,W,1.5,18.8,16.8,35.4,22,35.9,16.9,81,27,13,12,,,22.3,25.6,28.8,42.1,34.9,31.2,1.9,1.3,0.5
15/11/1989,-1,4.4,10,0,EN,NE,1.4,20,17.2,34,20.2,35,17,74,23,13,9.3,,,22,25.6,29,42.3,34.8,31.3,3,-0.4,1
16/11/1989,-1,5.4,10,0,EN,NE,2.6,17,14.3,33.2,20.6,33.6,15.2,73,28,11,11,,,20.4,24.3,29,41.4,33.6,30.2,1.8,-0.4,0.4
17/11/1989,-1,4.8,10.3,0,E,NE,2.6,18.5,13.8,33.7,19.6,34,15.7,56,22,9,8.5,,,19.9,23.9,28,41.7,33.6,29.3,2.8,0.8,0.3
18/11/1989,-1,5.5,10.3,0,CA,E,2.2,16.5,13.5,33.6,20.4,35.1,14,70,25,9.8,9.9,,,19.5,23.7,26.7,42.2,33.5,29.4,2.5,1.4,1.5
19/11/1989,-1,4.7,10.3,0,CA,EN,1.6,16.7,14.8,34,19.6,35,15.4,81,21,11,8.3,,,20.3,24.2,27,41.7,33.7,29.7,1.3,1.4,1
20/11/1989,-1,3.7,10,0,CA,NE,1.4,16,14.8,34,19.9,35,14.7,87,22,12,8.8,,,20.4,24.1,26.9,41.5,33.4,29.6,1.3,1,1
21/11/1989,-1,4.1,10,0,CA,SS,1.1,17.8,14.8,34.4,20.4,35.7,15,71,23,11,9.4,,,20,24.2,27.2,42.2,33.6,29.7,2.8,1.7,1.3
22/11/1989,-1,4.2,10.1,0,CA,S,1.5,17,14.8,34.3,20.9,35.6,14.7,78,26,11,10,,,20,23.8,27,41.7,33.7,29.7,2.3,1.2,1.3
23/11/1989,-1,4,10,0,CA,SS,1.3,15.7,14.6,32,21.1,33,14.5,88,34,12,12,,,19.8,23.9,27,39.8,33.1,29.2,1.2,-1.3,1
24/11/1989,-1,3.5,9.6,0,CA,NW,1.5,16.5,15.6,31.7,21.2,32.4,15.4,91,36,13,12,,,20.2,23.9,26.9,40.7,33.4,29.3,1.1,0.4,0.7
25/11/1989,-1,3.7,9.7,0,E,E,1.8,17.4,16.6,32.3,21,34,16.2,92,32,14,12,,,20.7,24.6,27.1,41.4,34.2,29.5,1.2,2.3,1.7
26/11/1989,-1,3.7,9.5,0,CA,WN,1.9,16.5,15.3,31.6,19.2,32.4,14.5,87,26,12,9.1,,,19.4,23.4,27,40.2,33.3,28.8,2,0.1,0.8
27/11/1989,-1,3.8,9.7,0,N,NN,2.3,17.4,16,29.9,21,30.5,16.1,86,42,13,13,,,20.2,23.9,26.9,39.2,32.9,28.8,1.3,-1.1,0.6
28/11/1989,-1,3.6,9.8,0,NE,EN,3.2,17.6,15.8,29.7,18,30,16.6,82,27,12,8.4,,,20,23.6,26.5,37.6,31.9,28.5,1,0.1,0.3
29/11/1989,-1,5.3,9.8,0,EN,EN,5.4,17.5,12.3,29,17.8,29.6,16,51,28,7.6,8.5,,,19.4,22.9,26,36,30.5,27.5,1.5,-0.1,0.6
30/11/1989,-1,7.3,9.7,0,EN,EN,7.9,19.8,13.5,29.8,19.6,30.5,19.4,45,35,7.8,11,,,21.5,24.1,26.4,37.7,31.6,28,0.4,1.5,0.7
1/12/1989,-1,6.4,9.8,0,EN,NE,7.9,20.3,14.7,30.3,20.2,30.7,19.4,51,36,9.2,12,,,21.7,24.3,26.6,38,32.3,28.4,0.9,0.9,0.4
2/12/1989,-1,6.7,9.4,0,NE,EN,6.3,18.7,13.3,30.8,18.2,31.4,18.2,51,24,8.2,8,,,21,23.9,26.7,37.4,31.6,28.2,0.5,1.1,0.6
3/12/1989,-1,6,9.8,0,NE,NE,5.9,17.5,12.8,30,18.8,30.6,17,55,30,8.3,9.5,,,19.4,23.1,26,37.7,31.5,27.7,0.5,-0.2,0.6
4/12/1989,-1,4.5,10,0,EN,NE,3.3,16,12.8,29.7,18.5,30.4,13.7,67,29,9.2,9.2,,,17.7,21.7,25.1,37.7,31.1,27,2.3,0.4,0.7
5/12/1989,-1,5.1,10,0,CA,N,2.7,14.5,12,29.4,18,30,13.7,73,28,9,8.5,,,17,21.2,24.6,37.6,30.6,26.7,0.8,0.3,0.6
6/12/1989,-1,3.4,10,0,NE,EN,2.2,14.4,10.8,30.4,17.8,31.3,12.8,61,23,7.5,7.6,,,16.7,20.7,24.5,37.8,30.6,26.5,1.6,1.9,0.9
7/12/1989,-1,3.4,9.7,0,NE,WS,1.8,13.7,11.2,31.8,18.2,32.2,12.6,72,21,8.5,7.4,,,16.7,20.9,24.5,38,30.6,26.4,1.1,1.8,0.4
8/12/1989,-1,3.6,9.5,0,ES,N,1.4,14.2,11.6,30.8,18.3,31.9,11.6,71,25,8.7,8.2,,,16.8,20.9,24.5,37.8,30.6,26.5,2.6,0.1,1.1
9/12/1989,-1,4,9.7,0,CA,NE,1.7,13,11.6,30.2,17.5,30.9,12.3,84,23,9.4,7.3,,,16.7,20.9,24.4,37.5,30.9,26,0.7,0.1,0.7
10/12/1989,-1,3.1,9.8,0,CA,NE,1.6,11.8,10,29.5,17.8,30.3,11.3,78,26,8.1,8.2,,,16.4,20.6,24.2,36.4,30.3,26.2,0.5,0.1,0.8
11/12/1989,-1,3.9,9.4,0,NE,NW,1,12,11.4,24.4,17.8,29.9,11.4,93,49,9.7,11,,,16.4,20.3,24,35.4,30,25.7,0.6,0.4,5.5
12/12/1989,-1,3.3,9.1,0,CA,EN,1.6,11.6,11,29,16.8,30.4,10.9,93,23,9.5,6.9,,,16,20,23.7,36,29.4,25.5,0.7,6,1.4
13/12/1989,-1,2.8,8.8,0,NE,NE,1.3,14.2,12.6,28,18.3,29,12.5,82,35,10,9.9,,,16.7,20.5,23.8,33.5,28.4,25.3,1.7,0,1
14/12/1989,-1,3,8.6,0,NE,NE,4.2,15.4,12.8,29.5,18.8,31.7,14.8,73,32,9.5,9.8,,,17,20.5,23.7,35.7,29.5,25.4,0.6,3.7,2.2
15/12/1989,-1,3.4,9.5,0,EN,NE,2.7,15,12.6,29,18.4,30.3,14.4,74,31,9.5,9.4,,,17,20.9,23.8,35.7,29.4,25.4,0.6,0.8,1.3
16/12/1989,-1,3.1,9.5,0,EN,NE,2.4,14.8,12.4,29.5,18.3,30.4,13.8,74,29,9.4,9,,,17,20.4,24,36,30,25.5,1,1.4,0.9
17/12/1989,-1,3.4,9.7,0,CA,NE,2.4,13.5,11.6,29,18.3,30,13.2,78,31,9.1,9.3,,,16.6,20.6,23.7,35.2,29.2,25.4,0.3,0.5,1
18/12/1989,-1,4,9.5,0,EN,NN,2.6,12.8,11,28.8,18,29.8,12.2,79,30,8.8,8.9,,,15.9,19.9,23.5,35.5,29.4,25.1,0.6,0.8,1
19/12/1989,-1,3.1,0.8,0,CA,WS,1.4,11.6,10.6,30,18.1,30.7,11.3,88,26,9,8.3,,,15.7,19.7,23.2,35.3,29.1,25,0.3,1.9,0.7
20/12/1989,-1,3.5,9.5,0,CA,W,2,14,12.2,28,19.6,28.8,12.3,80,42,9.6,12,,,16.3,20.1,23.4,34.3,28.7,24.8,1.7,-1.2,0.8
21/12/1989,-1,3,9,0,CA,NE,2.2,12.5,11.6,27.3,19.2,27.8,12,89,43,9.7,12,,,16.5,20.3,23.5,29.2,28.7,25,0.5,-0.2,0.5
22/12/1989,-1,3.5,9.5,0,CA,N,3.1,15.4,12.6,25,15.6,25.6,12,71,32,9.3,7.6,,,17.7,20.3,23.3,31,26.9,24.4,3.4,-1.7,0.6
23/12/1989,-1,3.9,6.6,0,CA,NN,4,14.2,11.6,24.5,15.4,25,13.5,71,33,8.7,7.6,,,17,20.1,23,32.8,27.8,24.4,0.7,0,0.5
24/12/1989,-1,3.2,6.5,0,N,NE,2.3,11.4,9.3,25.6,14.8,26.1,10,74,25,7.5,6.1,,,14,18.5,22.5,32.9,27.6,23.7,1.4,1.6,0.5
25/12/1989,-1,3.5,9.9,0,EN,N,4.3,14.6,10.4,26.2,15.4,26.6,14.2,56,26,6.9,6.6,,,17,20.2,23.1,34.5,28.6,24.5,0.4,1,0.4
26/12/1989,-1,3.4,9.1,0,NE,EN,3.2,9.6,7.6,24.4,13.4,24.8,8.2,74,21,6.6,4.9,,,12.7,16.9,22,32.6,27.3,23.4,1.4,-1.4,0.4
27/12/1989,-1,3.3,10.1,0,NE,NE,3.6,10.6,5.2,24.9,15.4,25.3,9.5,36,31,3.4,7.4,,,13.1,17.5,21.4,32.2,26.6,23,1.1,0.9,0.4
28/12/1989,-1,3.5,10,0,EN,NN,3.9,12.4,8.8,26.3,16.2,26.7,11.6,59,30,6.3,7.7,,,14,17.9,21.4,34,26.9,23,0.8,1.8,0.4
29/12/1989,-1,3.7,10,0,EN,NN,5.2,14.3,10,28.4,19.4,28.8,13.6,54,39,6.6,11,,,16.3,19.3,22,35.6,28.4,23.8,0.7,2.5,0.4
30/12/1989,-1,3,9.6,0,CA,W,3.2,15.4,13.3,29,20.3,29.5,15,78,42,10,13,,,18.5,21.2,23.5,34,28.9,25,0.4,1.1,0.5
31/12/1989,-1,3.6,9.3,0,CA,NE,2.3,10,8.8,27,18.8,28,9.2,84,42,7.8,11,,,13.6,19.4,22.4,35,27.8,23.6,0.8,-1,1
,,,,706,,,,,,,,,,,,,,,,,,,,,,,,
