Year,Month_Number,Date,ET,EP,BSS,RF,WD,WD1,WS,DT1,WT1,DT2,WT2,MAXT,MINT,RH11,RH22,VP11,CLOUDM,CLOUDE,SOIL1,SOIL2,SOIL3,SOIL4,SOIL5,SOIL6,MinTtest,MaxTtest1,MaxTtest2
1989.0,1.0,1989-01-01,67.3,136.7,294.9,42.4,CACACACANEENCACACAENENNECACACACAENCACACACACAWNWSWNNWSWSWCAEN,WSNENENNNNWWNENENNENNESNNENNNNNWNNENNNWNWWSSSSNWNENENE,114.0,439.09999999999997,376.8999999999999,912.3,577.8000000000001,921.6,412.5999999999999,2443.0,982.0,320.0,0.0,0.0,548.8,650.3999999999999,739.7999999999998,1145.2,923.3999999999999,814.4000000000001,26.5,12.9,9.3
1989.0,2.0,1989-02-01,73.1,134.29999999999998,266.19999999999993,10.4,CAENCACACACACAWCACACACAENENCACANWCACACANWWSWWSWSECANE,NWENSWNNNWWWNENNWWNEENNNNWSEWNWNENNWNWSWWWSNESEN,98.8,470.1,409.6,873.1999999999999,555.4,892.9999999999999,424.3999999999999,2194.0,884.0,334.09999999999997,0.0,0.0,561.6999999999999,653.5,737.0000000000002,1148.4,917.4999999999997,802.6999999999999,45.70000000000001,27.100000000000005,19.800000000000004
1989.0,3.0,1989-03-01,68.1,178.79999999999998,281.20000000000005,1.2,CACACACASWENENENCAESNWWNWNWWNWNWNESCASSENNENWWNWSWSSWCACACANE,ENNWNNWNENESESENEWSWNWNNNNWNWWNESWWNWNSEWNWNWSWSWWNNWNNNNE,122.40000000000003,620.4999999999999,536.9,1015.9,695.1999999999999,1040.5000000000002,565.0000000000001,2349.0,1214.0,422.5,0.0,0.0,718.1999999999999,809.1000000000003,897.4,1352.0000000000002,1097.4000000000003,959.0000000000002,55.5,18.900000000000002,24.599999999999998
1989.0,4.0,1989-04-01,39.39999999999999,202.60000000000002,311.0999999999999,4.6,CACANEENSWSENNESSSCANWCASWNSESESSNWSWSWSWSEWWSSSWSWNWCAEN,EWNENWWWNWNWSNESWWWSWSSSSWWNWWNWWSSWNNSSSWSWNWNNNE,122.7,684.7999999999998,565.8,1069.0,667.9,1100.6,602.4000000000001,2025.0,854.0,432.3,0.0,0.0,774.1,858.7000000000002,948.0999999999999,1435.5,1180.9,1025.3000000000002,82.39999999999999,33.0,31.599999999999998
1989.0,5.0,1989-05-01,2.2,228.30000000000004,323.0999999999999,20.5,CACANENENWSSSSSWSWSESWSSSWSWSWSSSWSWSWWSWSWSSWNWCAWSCASECA,SENWENENSWWWSSWWNNWNWWWNWNWSSWWWSWSSWWWSWWSWNWCANEN,173.6,769.1,692.9999999999998,1110.5,759.2,1147.3000000000002,711.5,2476.0,1155.0,605.0,0.0,0.0,892.0000000000001,956.0,1042.1000000000001,1508.0999999999997,1263.1999999999998,1115.0,57.6,35.499999999999986,36.800000000000004
1989.0,6.0,1989-06-01,59.400000000000006,191.70000000000002,233.50000000000006,75.0,CACAENCAWNWSWSWSSESWWSWSWCASSWWWSSWSWWSWSSWSSWSSSWCACANE,SWNNNEENNWWWSWVRSWSSWSSWWSWNWSWSSWWSSWSWSWSSWNWWNNWNEENEN,195.40000000000003,748.3000000000001,672.6,1007.3000000000001,726.4999999999999,1039.1000000000001,708.8000000000001,2384.0,1346.9,589.5,0.0,0.0,828.8999999999997,874.1999999999999,956.2000000000003,1274.0,1120.6000000000001,1038.0,39.50000000000001,29.400000000000002,31.79999999999999
1989.0,7.0,1989-07-01,86.30000000000001,156.50000000000006,213.6,258.0999999999999,CACACACACASWWSSWSSCASSNWCASSWSWSCACANWWSSSCAWSWSSWSWSSWNNNENE,NNWSSENNENNSSWSSWSWWNECAWWNECANWENSSWWSWSSSSSSWNWNWNENWS,163.8,759.3000000000001,697.7,985.3000000000001,768.5000000000001,1016.7000000000002,711.9000000000001,2591.0,1789.0,622.7,0.0,0.0,808.8000000000001,845.1,912.5000000000001,1159.3000000000002,1043.0,978.6,47.400000000000006,27.5,31.399999999999995
1989.0,8.0,1989-08-01,109.4,130.8,151.79999999999998,234.7,CACACACACACAENWSSSWSWSWWWSSWWSWSWNCASSNWWSSWSWWNWNWNWNEES,NEWNSWWNNSSNNWSSSWSWWWWWSWWSSWWNNNWSSSWSWNWWSWNWENN,127.7,732.5,683.6,955.9000000000001,758.9000000000001,981.0999999999996,691.9,2680.0,1890.5,608.9000000000001,0.0,0.0,787.0,828.9999999999999,895.6000000000001,1136.4999999999998,1014.8999999999999,961.0999999999999,40.60000000000001,28.099999999999998,25.2
1989.0,9.0,1989-09-01,149.20000000000002,153.19999999999996,243.49999999999994,34.3,CACAWNCANENCAWSSSWWSWCASWSWCANENECANWCASESECAWCANECA,ENWSWWNWNSENEWSSWWNNWENNNWNWSSSNWNENNNENWNESWNNWNENE,93.2,709.0,655.5999999999999,988.0999999999999,735.7000000000002,1010.5999999999999,667.6999999999999,2541.0,1475.5,580.9,0.0,0.0,800.3,855.6,933.6,1283.9999999999998,1126.5000000000002,1028.3000000000002,41.30000000000001,12.9,22.500000000000004
1989.0,10.0,1989-10-01,7.600000000000001,176.5,291.09999999999997,12.3,NENESWWNNWSSSWCACASWNWCAECACACAENNWESCANNNECACACACANEENNEENCA,NENWNNNWSESWWNWSWNWNENWNNSSNSEWNEENENNNEENENVRNNNENENE,83.59999999999998,648.2999999999997,552.9,1047.9,679.1999999999999,1070.0,563.4,2262.0,1025.0,433.5,0.0,0.0,734.0,829.7,926.4,1348.1000000000001,1115.4,1013.2,84.90000000000002,20.999999999999996,22.1
1989.0,11.0,1989-11-01,14.900000000000006,142.80000000000004,278.2,11.1,ENENCAESSESEWSCACACANECACAENENECACACACACACACAECANNEENENNE,NNNNWWNSWWWWSSNNNEWNENENEEENNESSSSSNWEWNNNENENENNW,90.10000000000004,571.6999999999999,488.20000000000016,967.6999999999999,624.5999999999999,1001.8000000000002,508.2999999999999,2243.0,981.0,379.5,0.0,0.0,643.5,740.3999999999999,834.1,1238.6000000000001,1023.9000000000001,906.8000000000002,63.399999999999984,26.299999999999994,34.10000000000001
1989.0,12.0,1989-12-01,11.800000000000004,130.90000000000003,282.09999999999997,1.4,ENENESSWSWSSWSSNWCANECANENEENENCAENCACACACACANENNENEENENCACA,NENNENWWNWWNWWWENENNENENENENENNWSWNENNNNENENNENNNNWNE,104.0,503.8,424.3000000000001,915.1999999999998,592.1,937.0999999999999,461.3,2278.0,1034.0,339.40000000000003,0.0,0.0,583.6999999999999,685.9999999999999,784.7999999999998,1154.1,965.1999999999999,843.2999999999998,42.5,34.2,21.899999999999995
